bucket,completions,reward_mean,reward_std,parse_rate,val_rate,grp_var_%
1,600,2.2333333333333334,0.96675397299212,97.66666666666667,50.33333333333333,59.0
51,600,2.3433333333333333,0.8274791589438174,98.83333333333333,53.166666666666664,59.0
101,600,2.0116666666666667,1.0968678531928244,96.0,40.0,71.0
151,600,2.1145833333333335,1.0706939193051166,96.5,46.5,71.0
201,600,2.1370833333333334,0.9484082049734651,97.5,41.66666666666667,75.0
251,600,2.1020833333333333,1.0512214819258243,96.5,43.666666666666664,62.0
301,600,2.0654166666666667,0.9714152419757444,97.33333333333334,38.5,71.0
351,600,2.0920833333333335,1.0865891371522096,96.16666666666667,44.5,67.0
401,600,2.09375,0.9153796866790529,98.0,39.5,73.0
451,600,2.2095833333333332,1.032916027042094,97.0,51.33333333333333,66.0
501,600,2.2391666666666667,0.8754246127698799,98.5,47.833333333333336,62.0
551,600,2.2275,0.8892759805684769,98.33333333333333,47.5,62.0
601,600,2.0104166666666665,1.0558268214296824,96.16666666666667,37.0,80.0
651,600,2.025,0.9895109329752059,97.0,36.333333333333336,79.0
701,600,1.9683333333333333,1.058413571200655,96.16666666666667,35.833333333333336,73.0
751,600,1.9758333333333333,0.9111391751811605,97.83333333333334,32.0,84.0
801,600,1.91875,1.0202266291326259,96.66666666666667,32.33333333333333,80.0
851,600,1.745,1.2135228590962963,93.33333333333333,28.833333333333332,82.0
901,600,2.049166666666667,0.9878642442988619,97.0,37.5,79.0
951,600,1.92875,1.0424156183446915,96.16666666666667,32.5,80.0
1001,600,1.9258333333333333,1.0485498240163076,96.5,34.166666666666664,74.0
1051,600,1.8108333333333333,1.166200817240514,94.16666666666667,29.833333333333336,83.0
1101,600,2.0729166666666665,0.8738191610773929,98.5,37.333333333333336,79.0
1151,600,1.86625,1.169452636898954,95.0,36.16666666666667,77.0
1201,600,1.8575,1.0580530281373348,96.16666666666667,31.166666666666664,80.0
1251,600,1.9058333333333333,0.9615344783959279,97.16666666666667,29.333333333333332,86.0
1301,600,1.6816666666666666,1.0599306473464174,95.16666666666667,20.833333333333336,89.0
1351,600,1.8083333333333333,0.8406743987001979,98.16666666666667,22.166666666666668,86.0
1401,600,1.8254166666666667,0.866290323503933,98.0,23.166666666666664,88.0
1451,600,1.6170833333333334,1.0504489824976138,94.83333333333334,18.0,92.0
1501,600,1.93875,0.9179044167907352,97.83333333333334,30.666666666666664,84.0
1551,600,1.9029166666666666,0.852823451515404,98.16666666666667,26.0,84.0
1601,600,1.6925,0.8596319144730696,97.66666666666667,17.166666666666668,96.0
1651,600,1.6991666666666667,0.9775865339059996,96.16666666666667,20.0,82.0
1701,600,1.8054166666666667,0.9249553486794051,97.0,22.166666666666668,89.0
1751,600,1.87125,0.9021321086195403,97.5,24.833333333333332,89.0
1801,600,1.8116666666666668,0.9448201048911724,97.0,25.0,88.0
1851,600,1.7604166666666667,0.9177323761565601,97.16666666666667,21.166666666666668,88.0
1901,600,1.7416666666666667,0.8051724826189935,97.83333333333334,16.166666666666664,90.0
1951,600,1.8575,0.8050251709583125,98.5,23.0,89.0
2001,600,1.7775,0.9522587592531195,96.83333333333334,22.5,85.0
2051,600,1.7558333333333334,0.9054689921334034,97.0,19.5,88.0
2101,600,1.6879166666666667,1.0198365575239623,95.83333333333334,22.5,87.0
2151,600,1.6304166666666666,1.0013408338313439,95.5,17.0,95.0
2201,168,1.7202380952380953,1.0503098786428668,95.23809523809523,21.428571428571427,92.85714285714286
